<?xml version="1.0" encoding="UTF-8"?>
<project-private xmlns="http://www.netbeans.org/ns/project-private/1">
    <editor-bookmarks xmlns="http://www.netbeans.org/ns/editor-bookmarks/2" lastBookmarkId="0"/>
    <open-files xmlns="http://www.netbeans.org/ns/projectui-open-files/2">
        <group>
            <file>file:/C:/Users/Sreten/Desktop/Aplikacija/KosarkaskaLigaServer/src/forme/FrmGlavna.java</file>
            <file>file:/C:/Users/Sreten/Desktop/Aplikacija/KosarkaskaLigaServer/src/db/DBBroker.java</file>
            <file>file:/C:/Users/Sreten/Desktop/Aplikacija/KosarkaskaLigaServer/db.config</file>
            <file>file:/C:/Users/Sreten/Desktop/Aplikacija/KosarkaskaLigaServer/src/so/AbstractSystemOperation.java</file>
            <file>file:/C:/Users/Sreten/Desktop/Aplikacija/KosarkaskaLigaServer/src/so/IzmeniKlub.java</file>
        </group>
    </open-files>
</project-private>
